Index,Label,Name
0,NotUsed_CHR_NAME_000,NOT USED:CHR_NAME_000
1,CHR_NAME_001_SATAN,Satan
2,CHR_NAME_002_LUCIFER,Lucifer
3,NotUsed_CHR_NAME_003,NOT USED:CHR_NAME_003
4,CHR_NAME_004_DAGDA,Dagda
5,NotUsed_CHR_NAME_005,NOT USED:CHR_NAME_005
6,NotUsed_CHR_NAME_006,NOT USED:CHR_NAME_006
7,CHR_NAME_007_KHONS,Khonsu
8,CHR_NAME_008_ZEUS,Zeus
9,CHR_NAME_009_ODIN,Odin
10,NotUsed_CHR_NAME_010_ALDER,NOT USED:CHR_NAME_010_ALDER
11,CHR_NAME_011_MITRA,Mitra
12,CHR_NAME_012_ATAVAKA,Atavaka
13,CHR_NAME_013_HORUS,Horus
14,CHR_NAME_014_THOTH,Thoth
15,CHR_NAME_015_KHONSRA,Khonsu Ra
16,CHR_NAME_016_VISNE,Vishnu
17,CHR_NAME_017_BAAL,Baal
18,NotUsed_CHR_NAME_018,NOT USED:CHR_NAME_018
19,CHR_NAME_019_DEMETER,Demeter
20,CHR_NAME_020_ANAHITA,Anahita
21,CHR_NAME_021_LAXMI,Lakshmi
22,CHR_NAME_022_NORN,Norn
23,CHR_NAME_023_ITHUNN,Idun
24,CHR_NAME_024_SARASVATI,Sarasvati
25,CHR_NAME_025_ISHTAR,Ishtar
26,CHR_NAME_026_SCATHACHA,Scathach
27,CHR_NAME_027_PARVATHI,Parvati
28,CHR_NAME_028_AMENOUZUME,Ame-no-Uzume
29,CHR_NAME_029_FORTUNA,Fortuna
30,CHR_NAME_030_MARIA,Maria
31,CHR_NAME_031_ARTEMIS,Artemis
32,CHR_NAME_032_KONOHANASAKUYA,Konohana Sakuya
33,NotUsed_CHR_NAME_033,NOT USED:CHR_NAME_033
34,CHR_NAME_034_HANUMAN,Hanuman
35,CHR_NAME_035_FIONNMACCUMHAILL,Fionn mac Cumhaill
36,CHR_NAME_036_CUCHULAINN,Cu Chulainn
37,CHR_NAME_037_KURAMATENGU,Kurama Tengu
38,CHR_NAME_038_AMANOZAKO,Amanozako
39,NotUsed_CHR_NAME_039,NOT USED:CHR_NAME_039
40,CHR_NAME_040_KRESNIK,Kresnik
41,CHR_NAME_041_ANANSI,Anansi
42,CHR_NAME_042_KOPPATENGU,Koppa Tengu
43,CHR_NAME_043_APSARAS,Apsaras
44,CHR_NAME_044_AGATHION,Agathion
45,CHR_NAME_045_MANDRAKE,Mandrake
46,CHR_NAME_046_DIS,Dis
47,CHR_NAME_047_IFRIT,Efreet
48,NotUsed_CHR_NAME_048,NOT USED:CHR_NAME_048
49,NotUsed_CHR_NAME_049,NOT USED:CHR_NAME_049
50,NotUsed_CHR_NAME_050,NOT USED:CHR_NAME_050
51,CHR_NAME_051_TITANIA,Titania
52,CHR_NAME_052_OBERON,Oberon
53,CHR_NAME_053_SILKY,Silky
54,CHR_NAME_054_SETANTA,Setanta
55,CHR_NAME_055_KELPIE,Kelpie
56,CHR_NAME_056_HIGHPIXIE,High Pixie
57,CHR_NAME_057_JACKOLANTERN,Jack-o'-Lantern
58,CHR_NAME_058_JACKFROST,Jack Frost
59,CHR_NAME_059_PIXIE,Pixie
60,CHR_NAME_060_NAHOBIHO,Nahobeeho
61,NotUsed_CHR_NAME_061,NOT USED:CHR_NAME_061
62,NotUsed_CHR_NAME_062,NOT USED:CHR_NAME_062
63,NotUsed_CHR_NAME_063,NOT USED:CHR_NAME_063
64,CHR_NAME_064_QUEENMAB,Queen Medb
65,CHR_NAME_065_SUCCUBUS,Succubus
66,CHR_NAME_066_KAIWAN,Kaiwan
67,CHR_NAME_067_LILIM,Lilim
68,CHR_NAME_068_INCUBUS,Incubus
69,CHR_NAME_069_MOKOI,Mokoi
70,CHR_NAME_070_SANDMAN,Sandman
71,CHR_NAME_071_LILITH,Lilith
72,CHR_NAME_072_JAAKUFROST,Black Frost
73,NotUsed_CHR_NAME_073,NOT USED:CHR_NAME_073
74,NotUsed_CHR_NAME_074,NOT USED:CHR_NAME_074
75,CHR_NAME_075_JOKA,Nuwa
76,CHR_NAME_076_AMON,Amon
77,CHR_NAME_077_MARA,Mara
78,CHR_NAME_078_MEPHISTO,Mephisto
79,CHR_NAME_079_CHIHYU,Chi You
80,CHR_NAME_080_SURT,Surt
81,CHR_NAME_081_BEELZEBUB,Beelzebub
82,CHR_NAME_082_ARIOCH,Arioch
83,CHR_NAME_083_BELIAL,Belial
84,CHR_NAME_084_ABADDON,Abaddon
85,CHR_NAME_085_MOLOCH,Moloch
86,CHR_NAME_086_BELPHEGOR,Belphegor
87,CHR_NAME_087_KINGFROST,King Frost
88,CHR_NAME_088_MITHRAS,Mithras
89,CHR_NAME_089_LOKI,Loki
90,NotUsed_CHR_NAME_090,NOT USED:CHR_NAME_090
91,NotUsed_CHR_NAME_091,NOT USED:CHR_NAME_091
92,NotUsed_CHR_NAME_092,NOT USED:CHR_NAME_092
93,NotUsed_CHR_NAME_093,NOT USED:CHR_NAME_093
94,CHR_NAME_094_KOURYU,Huang Long
95,CHR_NAME_095_QUETZALCOATL,Quetzalcoatl
96,CHR_NAME_096_SEIRYU,Qing Long
97,CHR_NAME_097_GENBU,Xuanwu
98,CHR_NAME_098_ANANTA,Ananta
99,CHR_NAME_099_VRTRA,Vritra
100,CHR_NAME_100_NYAMINYAMI,Nyami Nyami
101,NotUsed_CHR_NAME,NOT USED:CHR_NAME_101
102,NotUsed_CHR_NAME,NOT USED:CHR_NAME_102
103,CHR_NAME_103_YAMATANOOROCHI,Yamata-no-Orochi
104,CHR_NAME_104_NAGARAJA,Naga Raja
105,CHR_NAME_105_YURUNG,Yurlungur
106,CHR_NAME_106_NAGA,Naga
107,CHR_NAME_107_NOZUCHI,Nozuchi
108,CHR_NAME_108_VOUIVRE,Vouivre
109,NotUsed_CHR_NAME,NOT USED:CHR_NAME_109
110,NotUsed_CHR_NAME,NOT USED:CHR_NAME_110
111,CHR_NAME_111_VASUKI,Vasuki
112,CHR_NAME_112_SETH,Seth
113,CHR_NAME_113_BASILISK,Basilisk
114,CHR_NAME_114_AITVARAS,Aitvaras
115,CHR_NAME_115_HYDRA,Hydra
116,CHR_NAME_116_FAFNIR,Fafnir
117,CHR_NAME_117_CHOTONDA,Zhu Tun She
118,CHR_NAME_118_SAMAEL,Samael
119,CHR_NAME_119_BARONG,Barong
120,CHR_NAME_120_ANUBIS,Anubis
121,CHR_NAME_121_MAKAMI,Makami
122,CHR_NAME_122_KAICHI,Xiezhai
123,NotUsed_CHR_NAME,NOT USED:CHR_NAME_123
124,NotUsed_CHR_NAME,NOT USED:CHR_NAME_124
125,NotUsed_CHR_NAME,NOT USED:CHR_NAME_125
126,CHR_NAME_126_BYAKKO,Baihu
127,CHR_NAME_127_CHIMERA,Chimera
128,CHR_NAME_128_CIRONNUP,Cironnup
129,CHR_NAME_129_SHISA,Shiisaa
130,CHR_NAME_130_SENRI,Senri
131,CHR_NAME_131_UNICORN,Unicorn
132,NotUsed_CHR_NAME,NOT USED:CHR_NAME_132
133,NotUsed_CHR_NAME,NOT USED:CHR_NAME_133
134,CHR_NAME_134_KERBEROS,Cerberus
135,CHR_NAME_135_ORTHRUS,Orthrus
136,CHR_NAME_136_LOUPGAROU,Loup-garou
137,CHR_NAME_137_NEKOMATA,Nekomata
138,CHR_NAME_138_INUGAMI,Inugami
139,CHR_NAME_139_OROBAS,Orobas
140,CHR_NAME_140_CAITSITH,Cait Sith
141,CHR_NAME_141_DORMARTH,Dormarth
142,CHR_NAME_142_GLASYALABOLAS,Glasya-Labolas
143,NotUsed_CHR_NAME,NOT USED:CHR_NAME_143
144,CHR_NAME_144_BAGS,Bugs
145,CHR_NAME_145_NUE,Nue
146,CHR_NAME_146_BICORN,Bicorn
147,CHR_NAME_147_MOTHMAN,Mothman
148,CHR_NAME_148_FENRIR,Fenrir
149,CHR_NAME_149_PEALLAIDH,Peallaidh
150,NotUsed_CHR_NAME,NOT USED:CHR_NAME_150
151,NotUsed_CHR_NAME,NOT USED:CHR_NAME_151
152,CHR_NAME_152_HAYATARO,Hayataro
153,NotUsed_CHR_NAME,NOT USED:CHR_NAME_153
154,NotUsed_CHR_NAME,NOT USED:CHR_NAME_154
155,CHR_NAME_155_FLAMIES,Flaemis
156,CHR_NAME_156_AQUANS,Aquans
157,CHR_NAME_157_AEROS,Aeros
158,CHR_NAME_158_ERTHYS,Erthys
159,NotUsed_CHR_NAME,NOT USED:CHR_NAME_159
160,NotUsed_CHR_NAME,NOT USED:CHR_NAME_160
161,NotUsed_CHR_NAME,NOT USED:CHR_NAME_161
162,NotUsed_CHR_NAME,NOT USED:CHR_NAME_162
163,CHR_NAME_163_SAKIMITAMA,Saki Mitama
164,CHR_NAME_164_KUSIMITAMA,Kushi Mitama
165,CHR_NAME_165_NIGIMITAMA,Nigi Mitama
166,CHR_NAME_166_ARAMITAMA,Ara Mitama
167,NotUsed_CHR_NAME,NOT USED:CHR_NAME_167
168,NotUsed_CHR_NAME,NOT USED:CHR_NAME_168
169,NotUsed_CHR_NAME,NOT USED:CHR_NAME_169
170,NotUsed_CHR_NAME,NOT USED:CHR_NAME_170
171,CHR_NAME_171_BLACKOOZE,Black Ooze
172,CHR_NAME_172_LEGION,Legion
173,CHR_NAME_173_SLIME,Slime
174,CHR_NAME_174_MADGASSER,Mad Gasser
175,CHR_NAME_175_TURBOBACHAN,Turbo Granny
176,NotUsed_CHR_NAME,NOT USED:CHR_NAME_176
177,NotUsed_CHR_NAME,NOT USED:CHR_NAME_177
178,CHR_NAME_178_SHIVA,Shiva
179,CHR_NAME_179_MOT,Mot
180,CHR_NAME_180_ZAOUGONGEN,Zaou-Gongen
181,CHR_NAME_181_ASURAOH,Asura
182,CHR_NAME_182_TCHERNOBOG,Chernobog
183,CHR_NAME_183_DIONYSUS,Dionysus
184,NotUsed_CHR_NAME,NOT USED:CHR_NAME_184
185,NotUsed_CHR_NAME,NOT USED:CHR_NAME_185
186,NotUsed_CHR_NAME,NOT USED:CHR_NAME_186
187,NotUsed_CHR_NAME,NOT USED:CHR_NAME_187
188,CHR_NAME_188_DANU,Danu
189,CHR_NAME_189_INANNA,Inanna
190,CHR_NAME_190_KALI,Kali
191,CHR_NAME_191_CYBELE,Cybele
192,CHR_NAME_192_SKADI,Skadi
193,CHR_NAME_193_ISIS,Isis
194,CHR_NAME_194_KIKURIHIME,Kikuri-Hime
195,CHR_NAME_195_HARITI,Hariti
196,NotUsed_CHR_NAME_196_ATHTART,NOT USED:CHR_NAME_196_ATHTART
197,CHR_NAME_197_JOKA_II,Nuwa
198,CHR_NAME_198_ALILAT,Alilat
199,NotUsed_CHR_NAME,NOT USED:CHR_NAME_199
200,CHR_NAME_200_THOR,Thor
201,CHR_NAME_201_HUTSUNUSI,Futsunushi
202,CHR_NAME_202_ATTIS,Attis
203,CHR_NAME_203_BISHAMONTEN,Bishamonten
204,CHR_NAME_204_JIKOKUTEN,Jikokuten
205,CHR_NAME_205_KOUMOKUTEN,Koumokuten
206,CHR_NAME_206_ZOCHOTEN,Zouchouten
207,CHR_NAME,Marici
208,NotUsed_CHR_NAME,NOT USED:CHR_NAME_208
209,NotUsed_CHR_NAME,NOT USED:CHR_NAME_209
210,NotUsed_CHR_NAME,NOT USED:CHR_NAME_210
211,CHR_NAME_211_ARAHABAKI,Arahabaki
212,CHR_NAME_212_OYAMATSUMI,Oyamatsumi
213,CHR_NAME_213_KUSHINADAHIME,Kushinada-Hime
214,CHR_NAME_214_SUKUNAHIKONA,Sukuna-Hikona
215,CHR_NAME_215_OKUNINUSHI,Okuninushi
216,CHR_NAME_216_TAKEMINAKATA,Take-Minakata
217,NotUsed_CHR_NAME,NOT USED:CHR_NAME_217
218,NotUsed_CHR_NAME,NOT USED:CHR_NAME_218
219,NotUsed_CHR_NAME,NOT USED:CHR_NAME_219
220,NotUsed_CHR_NAME,NOT USED:CHR_NAME_220
221,CHR_NAME_221_GANESA,Ganesha
222,CHR_NAME_222_SIEGFRIED,Siegfried
223,CHR_NAME_223_VALKYRJA,Valkyrie
224,CHR_NAME_224_YOSHITSUNE,Yoshitsune
225,CHR_NAME_225_NEKOSHOGUN,Neko Shogun
226,CHR_NAME_226_NATATAISHI,Nezha Taizi
227,CHR_NAME_227_MASAKADO,Masakado
228,NotUsed_CHR_NAME,NOT USED:CHR_NAME_228
229,NotUsed_CHR_NAME,NOT USED:CHR_NAME_229
230,NotUsed_CHR_NAME,NOT USED:CHR_NAME_230
231,CHR_NAME_231_MADA,Mada
232,CHR_NAME_232_GIRIMEKRA,Girimekhala
233,CHR_NAME_233_PAZUZU,Pazuzu
234,CHR_NAME_234_MISHAGUJISAMA,Mishaguji
235,CHR_NAME_235_BAPHOMET,Baphomet
236,CHR_NAME_236_LAHMU_III,Lahmu
237,CHR_NAME_237_SATURNUS,Saturnus
238,CHR_NAME_238_TZITZIMITL,Tzitzimitl
239,NotUsed_CHR_NAME,NOT USED:CHR_NAME_239
240,CHR_NAME_240_ABDIEL,Abdiel
241,CHR_NAME_241_METATRON,Metatron
242,CHR_NAME_242_MIKAEL,Michael
243,CHR_NAME_243_GABRIEL,Gabriel
244,CHR_NAME_244_SRAOSHA,Sraosha
245,CHR_NAME_245_RAPHAEL,Raphael
246,CHR_NAME_246_SANDALPHON,Sandalphon
247,CHR_NAME_247_URIEL,Uriel
248,CHR_NAME_248_KAMAEL,Camael
249,CHR_NAME_249_MELCHIZEDEK,Melchizedek
250,CHR_NAME_250_MANSEMAT,Mastema
251,CHR_NAME_251_ARMAITI,Armaiti
252,NotUsed_CHR_NAME,NOT USED:CHR_NAME_252
253,NotUsed_CHR_NAME,NOT USED:CHR_NAME_253
254,CHR_NAME_254_THRONE,Throne
255,CHR_NAME_255_DOMINION,Dominion
256,CHR_NAME_256_POWER,Power
257,CHR_NAME_257_PRINCIPALITY,Principality
258,CHR_NAME_258_ARCANGEL,Archangel
259,CHR_NAME_259_ANGEL,Angel
260,CHR_NAME_260_CHERUB,Cherub
261,NotUsed_CHR_NAME,NOT USED:CHR_NAME_261
262,NotUsed_CHR_NAME,NOT USED:CHR_NAME_262
263,NotUsed_CHR_NAME,NOT USED:CHR_NAME_263
264,CHR_NAME_264_ABDIEL_II,Abdiel
265,CHR_NAME_265_ADRAMELEK,Adramelech
266,CHR_NAME_266_FLAUROS,Flauros
267,CHR_NAME_267_NEBIROS,Nebiros
268,CHR_NAME_268_BERITH,Berith
269,CHR_NAME_269_OSE,Ose
270,CHR_NAME_270_ELIGOR,Eligor
271,CHR_NAME_271_FORNEUS,Forneus
272,CHR_NAME_272_ANDRAS,Andras
273,CHR_NAME_273_DECARABIA,Decarabia
274,CHR_NAME_274_HALPHAS,Halphas
275,CHR_NAME_275_AZAZEL,Azazel
276,NotUsed_CHR_NAME,NOT USED:CHR_NAME_276
277,NotUsed_CHR_NAME,NOT USED:CHR_NAME_277
278,CHR_NAME_278_GARUDA,Garuda
279,CHR_NAME_279_SUZAKU,Zhuque
280,CHR_NAME_280_YATAGARASU,Yatagarasu
281,CHR_NAME_281_JATAYU,Jatayu
282,CHR_NAME_282_HOUOU,Feng Huang
283,CHR_NAME_283_THUNDERBIRD,Thunderbird
284,NotUsed_CHR_NAME,NOT USED:CHR_NAME_284
285,NotUsed_CHR_NAME,NOT USED:CHR_NAME_285
286,NotUsed_CHR_NAME,NOT USED:CHR_NAME_286
287,CHR_NAME_287_ANZU,Anzu
288,CHR_NAME_288_CHIN,Zhen
289,CHR_NAME_289_MOSHOBOU,Muu Shuwuu
290,CHR_NAME_290_ONMORAKI,Onmoraki
291,CHR_NAME_291_GURR,Gurulu
292,NotUsed_CHR_NAME,NOT USED:CHR_NAME_292
293,NotUsed_CHR_NAME,NOT USED:CHR_NAME_293
294,NotUsed_CHR_NAME,NOT USED:CHR_NAME_294
295,CHR_NAME_295_CLEOPATRA,Cleopatra
296,CHR_NAME_296_RANGDA,Rangda
297,CHR_NAME_297_DAKINI,Dakini
298,CHR_NAME_298_ATROPOS,Atropos
299,CHR_NAME_299_YAKSINI,Yakshini
300,CHR_NAME_300_LACHESIS,Lachesis
301,CHR_NAME_301_CLOTHO,Clotho
302,CHR_NAME_302_MANANANGGAL,Manananggal
303,CHR_NAME_303_LAMIA,Lamia
304,CHR_NAME_304_MERMAID,Mermaid
305,CHR_NAME_305_LHIANNANSHEE,Leanan Sidhe
306,NotUsed_CHR_NAME,NOT USED:CHR_NAME_306
307,NotUsed_CHR_NAME,NOT USED:CHR_NAME_307
308,NotUsed_CHR_NAME,NOT USED:CHR_NAME_308
309,NotUsed_CHR_NAME,NOT USED:CHR_NAME_309
310,CHR_NAME_310_ONGYOKI,Ongyo-Ki
311,CHR_NAME_311_SHIKIOJI,Shiki-Ouji
312,CHR_NAME_312_SUIKI,Sui-Ki
313,CHR_NAME_313_FUUKI,Fuu-Ki
314,CHR_NAME_314_KINKI,Kin-Ki
315,CHR_NAME_315_AZUMI,Azumi
316,CHR_NAME_316_IPPONDATARA,Ippon-Datara
317,CHR_NAME_317_DAIMON,Daemon
318,CHR_NAME_318_ONI,Oni
319,CHR_NAME_319_KARASUTENGU,Karasu Tengu
320,NotUsed_CHR_NAME,NOT USED:CHR_NAME_320
321,NotUsed_CHR_NAME,NOT USED:CHR_NAME_321
322,CHR_NAME_322_HEKATONCHEIR,Hecatoncheires
323,CHR_NAME_323_LOA,Loa
324,CHR_NAME_324_RAKSHASA,Rakshasa
325,CHR_NAME_325_TURDAK,Turdak
326,CHR_NAME_326_MACABRE,Macabre
327,CHR_NAME_327_GREMLIN,Gremlin
328,NotUsed_CHR_NAME,NOT USED:CHR_NAME_328
329,NotUsed_CHR_NAME,NOT USED:CHR_NAME_329
330,CHR_NAME_330_KAYANOHIME,Kaya-no-Hime
331,CHR_NAME_331_TSUCHIGUMO,Tsuchigumo
332,CHR_NAME_332_NARCISSUS,Narcissus
333,CHR_NAME_333_KAHAKU,Hua Po
334,CHR_NAME_334_KORPOKKUR,Koropokkur
335,CHR_NAME_335_SUDAMA,Sudama
336,CHR_NAME_336_KODAMA,Kodama
337,CHR_NAME_337_GOGMAGOG,Gogmagog
338,NotUsed_CHR_NAME,NOT USED:CHR_NAME_338
339,NotUsed_CHR_NAME,NOT USED:CHR_NAME_339
340,NotUsed_CHR_NAME,NOT USED:CHR_NAME_340
341,CHR_NAME_341_PISHACHA,Pisaca
342,CHR_NAME_342_KUMBHANDA,Kumbhanda
343,CHR_NAME_343_POLTERGEIST,Poltergeist
344,CHR_NAME_344_OBARIYON,Obariyon
345,CHR_NAME_345_GAKI,Preta
346,CHR_NAME_346_KUDLAK,Kudlak
347,NotUsed_CHR_NAME,NOT USED:CHR_NAME_347
348,NotUsed_CHR_NAME,NOT USED:CHR_NAME_348
349,NotUsed_CHR_NAME,NOT USED:CHR_NAME_349
350,CHR_NAME_350_TRUMPETER,Trumpeter
351,CHR_NAME_351_MOTHERHARLET,Mother Harlot
352,CHR_NAME_352_BLACKRIDER,Black Rider
353,CHR_NAME_353_REDRIDER,Red Rider
354,CHR_NAME_354_WHITERIDER,White Rider
355,CHR_NAME_355_ALICE,Alice
356,CHR_NAME_356_HELLSANGEL,Hell Biker
357,CHR_NAME_357_DAISOUJOU,Daisoujou
358,CHR_NAME_358_PALERIDER,Pale Rider
359,CHR_NAME_359_MATADOR,Matador
360,NotUsed_CHR_NAME,NOT USED:CHR_NAME_360
361,NotUsed_CHR_NAME,NOT USED:CHR_NAME_361
362,NotUsed_CHR_NAME,NOT USED:CHR_NAME_362
363,NotUsed_CHR_NAME,NOT USED:CHR_NAME_363
364,NotUsed_CHR_NAME,NOT USED:CHR_NAME_364
365,CHR_NAME,Tao
366,CHR_NAME_366_YOKO,Yoko
367,NotUsed_CHR_NAME,NOT USED:CHR_NAME_367
368,NotUsed_CHR_NAME,NOT USED:CHR_NAME_368
369,NotUsed_CHR_NAME,NOT USED:CHR_NAME_369
370,NotUsed_CHR_NAME,NOT USED:CHR_NAME_370
371,NotUsed_CHR_NAME,NOT USED:CHR_NAME_371
372,NotUsed_CHR_NAME,NOT USED:CHR_NAME_372
373,NotUsed_CHR_NAME,NOT USED:CHR_NAME_373
374,NotUsed_CHR_NAME,NOT USED:CHR_NAME_374
375,NotUsed_CHR_NAME,NOT USED:CHR_NAME_375
376,NotUsed_CHR_NAME,NOT USED:CHR_NAME_376
377,NotUsed_CHR_NAME,NOT USED:CHR_NAME_377
378,NotUsed_CHR_NAME,NOT USED:CHR_NAME_378
379,NotUsed_CHR_NAME,NOT USED:CHR_NAME_379
380,NotUsed_CHR_NAME,NOT USED:CHR_NAME_380
381,CHR_NAME_381_INABASIROUSAGI,Hare of Inaba
382,NotUsed_CHR_NAME,NOT USED:CHR_NAME_382
383,NotUsed_CHR_NAME,NOT USED:CHR_NAME_383
384,NotUsed_CHR_NAME,NOT USED:CHR_NAME_384
385,CHR_NAME_385_KINMAMON,Kinmamon
386,CHR_NAME_386_ONYANKOPON,Onyankopon
387,CHR_NAME_387_AMABIE,Amabie
388,NotUsed_CHR_NAME,NOT USED:CHR_NAME_388
389,NotUsed_CHR_NAME,NOT USED:CHR_NAME_389
390,NotUsed_CHR_NAME,NOT USED:CHR_NAME_390
391,CHR_NAME_391_LILITH,Lilith
392,CHR_NAME_392_AGRAT,Agrat
393,CHR_NAME_393_NAAMAH,Naamah
394,CHR_NAME_394_EISHETH,Eisheth
395,NotUsed_CHR_NAME,NOT USED:CHR_NAME_395
396,NotUsed_CHR_NAME,NOT USED:CHR_NAME_396
397,NotUsed_CHR_NAME,NOT USED:CHR_NAME_397
398,NotUsed_CHR_NAME,NOT USED:CHR_NAME_398
399,NotUsed_CHR_NAME,NOT USED:CHR_NAME_399
400,CHR_NAME,Brimstone Star
401,CHR_NAME,Cocytus Star
402,CHR_NAME,Morning Star
403,CHR_NAME,Lahmu's Tentacle
404,CHR_NAME,Tehom
405,NotUsed_CHR_NAME,NOT USED:CHR_NAME_405
406,NotUsed_CHR_NAME,NOT USED:CHR_NAME_406
407,NotUsed_CHR_NAME,NOT USED:CHR_NAME_407
408,NotUsed_CHR_NAME,NOT USED:CHR_NAME_408
409,NotUsed_CHR_NAME,NOT USED:CHR_NAME_409
410,NotUsed_CHR_NAME,NOT USED:CHR_NAME_410
411,NotUsed_CHR_NAME,NOT USED:CHR_NAME_411
412,NotUsed_CHR_NAME,NOT USED:CHR_NAME_412
413,NotUsed_CHR_NAME,NOT USED:CHR_NAME_413
414,NotUsed_CHR_NAME,NOT USED:CHR_NAME_414
415,NotUsed_CHR_NAME,NOT USED:CHR_NAME_415
416,NotUsed_CHR_NAME,NOT USED:CHR_NAME_416
417,NotUsed_CHR_NAME,NOT USED:CHR_NAME_417
418,NotUsed_CHR_NAME,NOT USED:CHR_NAME_418
419,NotUsed_CHR_NAME,NOT USED:CHR_NAME_419
420,NotUsed_CHR_NAME,NOT USED:CHR_NAME_420
421,NotUsed_CHR_NAME,NOT USED:CHR_NAME_421
422,NotUsed_CHR_NAME,NOT USED:CHR_NAME_422
423,NotUsed_CHR_NAME,NOT USED:CHR_NAME_423
424,NotUsed_CHR_NAME,NOT USED:CHR_NAME_424
425,NotUsed_CHR_NAME,NOT USED:CHR_NAME_425
426,NotUsed_CHR_NAME,NOT USED:CHR_NAME_426
427,NotUsed_CHR_NAME,NOT USED:CHR_NAME_427
428,NotUsed_CHR_NAME,NOT USED:CHR_NAME_428
429,NotUsed_CHR_NAME,NOT USED:CHR_NAME_429
430,NotUsed_CHR_NAME,NOT USED:CHR_NAME_430
431,NotUsed_CHR_NAME,NOT USED:CHR_NAME_431
432,NotUsed_CHR_NAME,NOT USED:CHR_NAME_432
433,NotUsed_CHR_NAME,NOT USED:CHR_NAME_433
434,NotUsed_CHR_NAME,NOT USED:CHR_NAME_434
435,NotUsed_CHR_NAME,NOT USED:CHR_NAME_435
436,NotUsed_CHR_NAME,NOT USED:CHR_NAME_436
437,NotUsed_CHR_NAME,NOT USED:CHR_NAME_437
438,NotUsed_CHR_NAME,NOT USED:CHR_NAME_438
439,NotUsed_CHR_NAME,NOT USED:CHR_NAME_439
440,NotUsed_CHR_NAME,NOT USED:CHR_NAME_440
441,NotUsed_CHR_NAME,NOT USED:CHR_NAME_441
442,NotUsed_CHR_NAME,NOT USED:CHR_NAME_442
443,NotUsed_CHR_NAME,NOT USED:CHR_NAME_443
444,NotUsed_CHR_NAME,NOT USED:CHR_NAME_444
445,NotUsed_CHR_NAME,NOT USED:CHR_NAME_445
446,NotUsed_CHR_NAME,NOT USED:CHR_NAME_446
447,NotUsed_CHR_NAME,NOT USED:CHR_NAME_447
448,NotUsed_CHR_NAME,NOT USED:CHR_NAME_448
449,NotUsed_CHR_NAME,NOT USED:CHR_NAME_449
450,NotUsed_CHR_NAME,NOT USED:CHR_NAME_450
451,NotUsed_CHR_NAME,NOT USED:CHR_NAME_451
452,NotUsed_CHR_NAME,NOT USED:CHR_NAME_452
453,NotUsed_CHR_NAME,NOT USED:CHR_NAME_453
454,NotUsed_CHR_NAME,NOT USED:CHR_NAME_454
455,NotUsed_CHR_NAME,NOT USED:CHR_NAME_455
456,CHR_NAME,Dragon Head
457,CHR_NAME,Goat Head
458,CHR_NAME,Camel Head
459,NotUsed_CHR_NAME,NOT USED:CHR_NAME_459
460,NotUsed_CHR_NAME,NOT USED:CHR_NAME_460
461,NotUsed_CHR_NAME,NOT USED:CHR_NAME_461
462,NotUsed_CHR_NAME,NOT USED:CHR_NAME_462
463,NotUsed_CHR_NAME,NOT USED:CHR_NAME_463
464,NotUsed_CHR_NAME,NOT USED:CHR_NAME_464
465,CHR_NAME,Shohei Yakumo
466,CHR_NAME_466_YUDURU,Yuzuru Atsuta
467,CHR_NAME_467_ICHIRO,Ichiro Dazai
468,NotUsed_CHR_NAME,NOT USED:CHR_NAME_468
469,NotUsed_CHR_NAME,NOT USED:CHR_NAME_469
470,NotUsed_CHR_NAME,NOT USED:CHR_NAME_470
471,NotUsed_CHR_NAME,NOT USED:CHR_NAME_471
472,NotUsed_CHR_NAME,NOT USED:CHR_NAME_472
473,NotUsed_CHR_NAME,NOT USED:CHR_NAME_473
474,NotUsed_CHR_NAME,NOT USED:CHR_NAME_474
475,NotUsed_CHR_NAME,NOT USED:CHR_NAME_475
476,NotUsed_CHR_NAME,NOT USED:CHR_NAME_476
477,NotUsed_CHR_NAME,NOT USED:CHR_NAME_477
478,NotUsed_CHR_NAME,NOT USED:CHR_NAME_478
479,NotUsed_CHR_NAME,NOT USED:CHR_NAME_479
480,NotUsed_CHR_NAME,NOT USED:CHR_NAME_480
481,NotUsed_CHR_NAME,NOT USED:CHR_NAME_481
482,NotUsed_CHR_NAME,NOT USED:CHR_NAME_482
483,NotUsed_CHR_NAME,NOT USED:CHR_NAME_483
484,NotUsed_CHR_NAME,NOT USED:CHR_NAME_484
485,NotUsed_CHR_NAME,NOT USED:CHR_NAME_485
486,CHR_NAME,Lilith's Shadow
487,CHR_NAME,Agrat's Shadow
488,CHR_NAME,Eisheth's Shadow
489,CHR_NAME,Naamah's Shadow
490,CHR_NAME,Depraved Wing
491,CHR_NAME,Depraved Arm
492,CHR_NAME,Thunder Bit
493,CHR_NAME,Tsukuyomi
494,CHR_NAME,Lucifer
495,CHR_NAME,Demi-fiend
496,CHR_NAME,Tiamat
497,NotUsed_CHR_NAME,NOT USED:CHR_NAME_497
498,NotUsed_CHR_NAME,NOT USED:CHR_NAME_498
499,NotUsed_CHR_NAME,NOT USED:CHR_NAME_499
500,NotUsed_CHR_NAME,NOT USED:CHR_NAME_500
501,NotUsed_CHR_NAME,NOT USED:CHR_NAME_501
502,CHR_NAME,Tao
503,CHR_NAME,Aogami
504,CHR_NAME,Aogami
505,CHR_NAME,Yuzuru
506,CHR_NAME,Ichiro
507,CHR_NAME,Miyazu
508,CHR_NAME,Sahori
509,CHR_NAME,Hayataro
510,CHR_NAME,Koshimizu
511,CHR_NAME,Abdiel
512,CHR_NAME,Yakumo
513,CHR_NAME,Nuwa
514,CHR_NAME,Khonsu
515,CHR_NAME,Goko
516,CHR_NAME,Sophia
517,CHR_NAME,Fionn
518,CHR_NAME,Gustave
519,CHR_NAME,Aogami
520,CHR_NAME,Miman
521,CHR_NAME,Aogami
522,NotUsed_CHR_NAME,NOT USED:CHR_NAME_522
523,NotUsed_CHR_NAME,NOT USED:CHR_NAME_523
524,NotUsed_CHR_NAME,NOT USED:CHR_NAME_524
525,NotUsed_CHR_NAME,NOT USED:CHR_NAME_525
526,NotUsed_CHR_NAME,NOT USED:CHR_NAME_526
527,NotUsed_CHR_NAME,NOT USED:CHR_NAME_527
528,NotUsed_CHR_NAME,NOT USED:CHR_NAME_528
529,CHR_NAME,Lucifer
530,CHR_NAME,Tsukuyomi
531,NotUsed_CHR_NAME,NOT USED:CHR_NAME_531
532,NotUsed_CHR_NAME,NOT USED:CHR_NAME_532
533,NotUsed_CHR_NAME,NOT USED:CHR_NAME_533
534,NotUsed_CHR_NAME,NOT USED:CHR_NAME_534
535,NotUsed_CHR_NAME,NOT USED:CHR_NAME_535
536,CHR_NAME,Demi-fiend
537,NotUsed_CHR_NAME,NOT USED:CHR_NAME_537
538,NotUsed_CHR_NAME,NOT USED:CHR_NAME_538
539,NotUsed_CHR_NAME,NOT USED:CHR_NAME_539
540,NotUsed_CHR_NAME,NOT USED:CHR_NAME_540
541,NotUsed_CHR_NAME,NOT USED:CHR_NAME_541
542,NotUsed_CHR_NAME,NOT USED:CHR_NAME_542
543,NotUsed_CHR_NAME,NOT USED:CHR_NAME_543
544,NotUsed_CHR_NAME,NOT USED:CHR_NAME_544
545,NotUsed_CHR_NAME,NOT USED:CHR_NAME_545
546,NotUsed_CHR_NAME,NOT USED:CHR_NAME_546
547,NotUsed_CHR_NAME,NOT USED:CHR_NAME_547
548,NotUsed_CHR_NAME,NOT USED:CHR_NAME_548
549,NotUsed_CHR_NAME,NOT USED:CHR_NAME_549
550,CHR_NAME,Yoko
551,NotUsed_CHR_NAME,NOT USED:CHR_NAME_551
552,NotUsed_CHR_NAME,NOT USED:CHR_NAME_552
553,NotUsed_CHR_NAME,NOT USED:CHR_NAME_553
554,NotUsed_CHR_NAME,NOT USED:CHR_NAME_554
555,NotUsed_CHR_NAME,NOT USED:CHR_NAME_555
556,NotUsed_CHR_NAME,NOT USED:CHR_NAME_556
557,NotUsed_CHR_NAME,NOT USED:CHR_NAME_557
558,NotUsed_CHR_NAME,NOT USED:CHR_NAME_558
559,NotUsed_CHR_NAME,NOT USED:CHR_NAME_559
560,NotUsed_CHR_NAME,NOT USED:CHR_NAME_560
561,NotUsed_CHR_NAME,NOT USED:CHR_NAME_561
562,NotUsed_CHR_NAME,NOT USED:CHR_NAME_562
563,NotUsed_CHR_NAME,NOT USED:CHR_NAME_563
564,NotUsed_CHR_NAME,NOT USED:CHR_NAME_564
565,NotUsed_CHR_NAME,NOT USED:CHR_NAME_565
566,NotUsed_CHR_NAME,NOT USED:CHR_NAME_566
567,NotUsed_CHR_NAME,NOT USED:CHR_NAME_567
568,NotUsed_CHR_NAME,NOT USED:CHR_NAME_568
569,NotUsed_CHR_NAME,NOT USED:CHR_NAME_569
570,NotUsed_CHR_NAME,NOT USED:CHR_NAME_570
571,NotUsed_CHR_NAME,NOT USED:CHR_NAME_571
572,NotUsed_CHR_NAME,NOT USED:CHR_NAME_572
573,NotUsed_CHR_NAME,NOT USED:CHR_NAME_573
574,NotUsed_CHR_NAME,NOT USED:CHR_NAME_574
575,NotUsed_CHR_NAME,NOT USED:CHR_NAME_575
576,NotUsed_CHR_NAME,NOT USED:CHR_NAME_576
577,NotUsed_CHR_NAME,NOT USED:CHR_NAME_577
578,NotUsed_CHR_NAME,NOT USED:CHR_NAME_578
579,NotUsed_CHR_NAME,NOT USED:CHR_NAME_579
580,NotUsed_CHR_NAME,NOT USED:CHR_NAME_580
581,NotUsed_CHR_NAME,NOT USED:CHR_NAME_581
582,NotUsed_CHR_NAME,NOT USED:CHR_NAME_582
583,NotUsed_CHR_NAME,NOT USED:CHR_NAME_583
584,NotUsed_CHR_NAME,NOT USED:CHR_NAME_584
585,NotUsed_CHR_NAME,NOT USED:CHR_NAME_585
586,NotUsed_CHR_NAME,NOT USED:CHR_NAME_586
587,NotUsed_CHR_NAME,NOT USED:CHR_NAME_587
588,NotUsed_CHR_NAME,NOT USED:CHR_NAME_588
589,NotUsed_CHR_NAME,NOT USED:CHR_NAME_589
590,NotUsed_CHR_NAME,NOT USED:CHR_NAME_590
591,NotUsed_CHR_NAME,NOT USED:CHR_NAME_591
592,NotUsed_CHR_NAME,NOT USED:CHR_NAME_592
593,NotUsed_CHR_NAME,NOT USED:CHR_NAME_593
594,NotUsed_CHR_NAME,NOT USED:CHR_NAME_594
595,NotUsed_CHR_NAME,NOT USED:CHR_NAME_595
596,NotUsed_CHR_NAME,NOT USED:CHR_NAME_596
597,NotUsed_CHR_NAME,NOT USED:CHR_NAME_597
598,NotUsed_CHR_NAME,NOT USED:CHR_NAME_598
599,NotUsed_CHR_NAME,NOT USED:CHR_NAME_599
600,NotUsed_CHR_NAME,NOT USED:CHR_NAME_600
601,CHR_NAME,Male Student
602,CHR_NAME,Female Student
603,CHR_NAME,Teacher
604,CHR_NAME,Jouin Student
605,CHR_NAME,Station Attendant
606,CHR_NAME,Police Officer
607,CHR_NAME,JSDF Official
608,CHR_NAME,Researcher
609,CHR_NAME,Male Researcher
610,CHR_NAME,Female Researcher
611,CHR_NAME,Worker
612,CHR_NAME,Female Worker
613,CHR_NAME,Man
614,CHR_NAME,Woman
615,CHR_NAME,Angel
616,CHR_NAME,Angels
617,CHR_NAME,Demon
618,CHR_NAME,Demons
619,CHR_NAME,Fairy
620,CHR_NAME,Fairies
621,CHR_NAME,Man's Voice
622,CHR_NAME,Lively Girl
623,CHR_NAME,Young Man
624,CHR_NAME,Docile Girl
625,CHR_NAME,Voice
626,CHR_NAME,Suspicious Man
627,CHR_NAME,Captivating Woman
628,CHR_NAME,Mysterious Voice
629,CHR_NAME,Mysterious Woman
630,CHR_NAME,Mysterious Woman's Voice
631,CHR_NAME,Goddess
632,CHR_NAME,Tao
633,CHR_NAME,Tao
634,CHR_NAME,Dignified Angel
635,CHR_NAME,Patrolling Angel
636,CHR_NAME,Other Angel
637,CHR_NAME,TV Station Crew
638,CHR_NAME,Woman's Voice
639,CHR_NAME,Man in Suit
640,CHR_NAME,Frightened Man
641,CHR_NAME,Man Wearing Mask
642,CHR_NAME,Woman in Suit
643,CHR_NAME,Distressed Man
644,CHR_NAME,Male Student A
645,CHR_NAME,Male Student B
646,CHR_NAME,Male Student C
647,CHR_NAME,Male Student D
648,CHR_NAME,Female Student A
649,CHR_NAME,Female Student B
650,CHR_NAME,Female Student C
651,CHR_NAME,Mummy-like Demon
652,CHR_NAME,Student with Afro
653,CHR_NAME,Traffic Officer
654,CHR_NAME,Casual Office Worker
655,CHR_NAME,Busy Woman
656,CHR_NAME,Woman with Glasses
657,CHR_NAME,Long-haired Man
658,CHR_NAME,Bethel JSDF Official
659,CHR_NAME,JSDF Special Agent
660,CHR_NAME,Occult Lover
661,CHR_NAME,Carefree Office Worker
662,CHR_NAME,Athletic Man
663,CHR_NAME,Famous Pundit
664,CHR_NAME,Lost Demon
665,CHR_NAME,Other Female Student
666,CHR_NAME,Nearby Resident
667,CHR_NAME,Elderly Resident
668,CHR_NAME,Old-School Japanese Man
669,CHR_NAME,Jouin High Student
670,CHR_NAME,Middle-Aged Officer
671,CHR_NAME,Researcher A
672,CHR_NAME,Researcher B
673,CHR_NAME,Researcher C
674,CHR_NAME,Professor
675,CHR_NAME,White Horseman
676,CHR_NAME,Black Horseman
677,CHR_NAME,Red Horseman
678,CHR_NAME,Pale Horseman
679,CHR_NAME,Intimidating Voice
680,CHR_NAME,Zeus's Voice
681,CHR_NAME,Angel on Guard
682,CHR_NAME,Demon on Left
683,CHR_NAME,Demon in Middle
684,CHR_NAME,Demon on Right
685,CHR_NAME,Noble Voice
686,CHR_NAME,Preta Leader
687,CHR_NAME,Preta Right Hand
688,CHR_NAME,Wandering Preta
689,CHR_NAME,Apsaras Believer
690,CHR_NAME,Demon in Kimono
691,CHR_NAME,Familiar Voice
692,CHR_NAME,Former Team Member
693,CHR_NAME,Head Bully
694,CHR_NAME,Bully
695,CHR_NAME,Man in Knit Hat
696,CHR_NAME,Lady in Apron
697,CHR_NAME,Young Girl
698,CHR_NAME,Poised Man
699,CHR_NAME,Mrs. Halphas
700,CHR_NAME,Halphas Jr.
701,CHR_NAME,Mrs. Halphas & Jr.
702,CHR_NAME,Isis's Voice
703,CHR_NAME,Archangel
704,CHR_NAME,Frantic Woman
705,CHR_NAME,Koshimizu
706,CHR_NAME,Bird Demon
707,CHR_NAME,Female Demon
708,CHR_NAME,Boss Demon
709,CHR_NAME,Lackey Demon
710,CHR_NAME,Clumsy Pixie
711,CHR_NAME,Irritable Pixie
712,CHR_NAME,Elder Agathion
713,CHR_NAME,Middle Agathion
714,CHR_NAME,Young Agathion
715,CHR_NAME,Group of Demons
716,CHR_NAME,Perky Demon
717,CHR_NAME,Intense Demon
718,CHR_NAME,Bouncy Demon
719,CHR_NAME,Earth Demon
720,CHR_NAME,Fire Demon
721,CHR_NAME,Water Demon
722,CHR_NAME,Wind Demon
723,CHR_NAME,Right-Hand Demon
724,CHR_NAME,Solemn Voice
725,CHR_NAME,Teddy Bear Demon
726,CHR_NAME,Dog Demon
727,CHR_NAME,Mysterious Voice
728,CHR_NAME,Demon's Voice
729,CHR_NAME,Elderly Demon
730,CHR_NAME,Spider-Legged Demon
731,CHR_NAME,Head Researcher
732,CHR_NAME,Mysterious Girl
733,CHR_NAME,Agrat's Voice
734,NotUsed_CHR_NAME,NOT USED:CHR_NAME_734
735,NotUsed_CHR_NAME,NOT USED:CHR_NAME_735
736,NotUsed_CHR_NAME,NOT USED:CHR_NAME_736
737,NotUsed_CHR_NAME,NOT USED:CHR_NAME_737
738,NotUsed_CHR_NAME,NOT USED:CHR_NAME_738
739,NotUsed_CHR_NAME,NOT USED:CHR_NAME_739
740,NotUsed_CHR_NAME,NOT USED:CHR_NAME_740
741,NotUsed_CHR_NAME,NOT USED:CHR_NAME_741
742,NotUsed_CHR_NAME,NOT USED:CHR_NAME_742
743,NotUsed_CHR_NAME,NOT USED:CHR_NAME_743
744,NotUsed_CHR_NAME,NOT USED:CHR_NAME_744
745,NotUsed_CHR_NAME,NOT USED:CHR_NAME_745
746,NotUsed_CHR_NAME,NOT USED:CHR_NAME_746
747,NotUsed_CHR_NAME,NOT USED:CHR_NAME_747
748,NotUsed_CHR_NAME,NOT USED:CHR_NAME_748
749,NotUsed_CHR_NAME,NOT USED:CHR_NAME_749
750,NotUsed_CHR_NAME,NOT USED:CHR_NAME_750
751,NotUsed_CHR_NAME,NOT USED:CHR_NAME_751
752,NotUsed_CHR_NAME,NOT USED:CHR_NAME_752
753,NotUsed_CHR_NAME,NOT USED:CHR_NAME_753
754,NotUsed_CHR_NAME,NOT USED:CHR_NAME_754
755,NotUsed_CHR_NAME,NOT USED:CHR_NAME_755
756,NotUsed_CHR_NAME,NOT USED:CHR_NAME_756
757,NotUsed_CHR_NAME,NOT USED:CHR_NAME_757
758,NotUsed_CHR_NAME,NOT USED:CHR_NAME_758
759,NotUsed_CHR_NAME,NOT USED:CHR_NAME_759
760,NotUsed_CHR_NAME,NOT USED:CHR_NAME_760
761,NotUsed_CHR_NAME,NOT USED:CHR_NAME_761
762,NotUsed_CHR_NAME,NOT USED:CHR_NAME_762
763,NotUsed_CHR_NAME,NOT USED:CHR_NAME_763
764,NotUsed_CHR_NAME,NOT USED:CHR_NAME_764
765,NotUsed_CHR_NAME,NOT USED:CHR_NAME_765
766,NotUsed_CHR_NAME,NOT USED:CHR_NAME_766
767,NotUsed_CHR_NAME,NOT USED:CHR_NAME_767
768,NotUsed_CHR_NAME,NOT USED:CHR_NAME_768
769,NotUsed_CHR_NAME,NOT USED:CHR_NAME_769
770,NotUsed_CHR_NAME,NOT USED:CHR_NAME_770
771,NotUsed_CHR_NAME,NOT USED:CHR_NAME_771
772,NotUsed_CHR_NAME,NOT USED:CHR_NAME_772
773,NotUsed_CHR_NAME,NOT USED:CHR_NAME_773
774,NotUsed_CHR_NAME,NOT USED:CHR_NAME_774
775,NotUsed_CHR_NAME,NOT USED:CHR_NAME_775
776,NotUsed_CHR_NAME,NOT USED:CHR_NAME_776
777,NotUsed_CHR_NAME,NOT USED:CHR_NAME_777
778,NotUsed_CHR_NAME,NOT USED:CHR_NAME_778
779,NotUsed_CHR_NAME,NOT USED:CHR_NAME_779
780,NotUsed_CHR_NAME,NOT USED:CHR_NAME_780
781,NotUsed_CHR_NAME,NOT USED:CHR_NAME_781
782,NotUsed_CHR_NAME,NOT USED:CHR_NAME_782
783,NotUsed_CHR_NAME,NOT USED:CHR_NAME_783
784,NotUsed_CHR_NAME,NOT USED:CHR_NAME_784
785,NotUsed_CHR_NAME,NOT USED:CHR_NAME_785
786,NotUsed_CHR_NAME,NOT USED:CHR_NAME_786
787,NotUsed_CHR_NAME,NOT USED:CHR_NAME_787
788,NotUsed_CHR_NAME,NOT USED:CHR_NAME_788
789,NotUsed_CHR_NAME,NOT USED:CHR_NAME_789
790,NotUsed_CHR_NAME,NOT USED:CHR_NAME_790
791,NotUsed_CHR_NAME,NOT USED:CHR_NAME_791
792,NotUsed_CHR_NAME,NOT USED:CHR_NAME_792
793,NotUsed_CHR_NAME,NOT USED:CHR_NAME_793
794,NotUsed_CHR_NAME,NOT USED:CHR_NAME_794
795,NotUsed_CHR_NAME,NOT USED:CHR_NAME_795
796,NotUsed_CHR_NAME,NOT USED:CHR_NAME_796
797,NotUsed_CHR_NAME,NOT USED:CHR_NAME_797
798,NotUsed_CHR_NAME,NOT USED:CHR_NAME_798
799,NotUsed_CHR_NAME,NOT USED:CHR_NAME_799
800,NotUsed_CHR_NAME,NOT USED:CHR_NAME_800
801,NotUsed_CHR_NAME,NOT USED:CHR_NAME_801
802,NotUsed_CHR_NAME,NOT USED:CHR_NAME_802
803,NotUsed_CHR_NAME,NOT USED:CHR_NAME_803
804,NotUsed_CHR_NAME,NOT USED:CHR_NAME_804
805,NotUsed_CHR_NAME,NOT USED:CHR_NAME_805
806,NotUsed_CHR_NAME,NOT USED:CHR_NAME_806
807,NotUsed_CHR_NAME,NOT USED:CHR_NAME_807
808,NotUsed_CHR_NAME,NOT USED:CHR_NAME_808
809,NotUsed_CHR_NAME,NOT USED:CHR_NAME_809
810,NotUsed_CHR_NAME,NOT USED:CHR_NAME_810
811,NotUsed_CHR_NAME,NOT USED:CHR_NAME_811
812,NotUsed_CHR_NAME,NOT USED:CHR_NAME_812
813,NotUsed_CHR_NAME,NOT USED:CHR_NAME_813
814,NotUsed_CHR_NAME,NOT USED:CHR_NAME_814
815,NotUsed_CHR_NAME,NOT USED:CHR_NAME_815
816,NotUsed_CHR_NAME,NOT USED:CHR_NAME_816
817,NotUsed_CHR_NAME,NOT USED:CHR_NAME_817
818,NotUsed_CHR_NAME,NOT USED:CHR_NAME_818
819,NotUsed_CHR_NAME,NOT USED:CHR_NAME_819
820,NotUsed_CHR_NAME,NOT USED:CHR_NAME_820
821,NotUsed_CHR_NAME,NOT USED:CHR_NAME_821
822,NotUsed_CHR_NAME,NOT USED:CHR_NAME_822
823,NotUsed_CHR_NAME,NOT USED:CHR_NAME_823
824,NotUsed_CHR_NAME,NOT USED:CHR_NAME_824
825,NotUsed_CHR_NAME,NOT USED:CHR_NAME_825
826,NotUsed_CHR_NAME,NOT USED:CHR_NAME_826
827,NotUsed_CHR_NAME,NOT USED:CHR_NAME_827
828,NotUsed_CHR_NAME,NOT USED:CHR_NAME_828
829,NotUsed_CHR_NAME,NOT USED:CHR_NAME_829
830,NotUsed_CHR_NAME,NOT USED:CHR_NAME_830
831,NotUsed_CHR_NAME,NOT USED:CHR_NAME_831
832,NotUsed_CHR_NAME,NOT USED:CHR_NAME_832
833,NotUsed_CHR_NAME,NOT USED:CHR_NAME_833
834,NotUsed_CHR_NAME,NOT USED:CHR_NAME_834
835,NotUsed_CHR_NAME,NOT USED:CHR_NAME_835
836,NotUsed_CHR_NAME,NOT USED:CHR_NAME_836
837,NotUsed_CHR_NAME,NOT USED:CHR_NAME_837
838,NotUsed_CHR_NAME,NOT USED:CHR_NAME_838
839,NotUsed_CHR_NAME,NOT USED:CHR_NAME_839
840,NotUsed_CHR_NAME,NOT USED:CHR_NAME_840
841,NotUsed_CHR_NAME,NOT USED:CHR_NAME_841
842,NotUsed_CHR_NAME,NOT USED:CHR_NAME_842
843,NotUsed_CHR_NAME,NOT USED:CHR_NAME_843
844,NotUsed_CHR_NAME,NOT USED:CHR_NAME_844
845,NotUsed_CHR_NAME,NOT USED:CHR_NAME_845
846,NotUsed_CHR_NAME,NOT USED:CHR_NAME_846
847,NotUsed_CHR_NAME,NOT USED:CHR_NAME_847
848,NotUsed_CHR_NAME,NOT USED:CHR_NAME_848
849,NotUsed_CHR_NAME,NOT USED:CHR_NAME_849
850,NotUsed_CHR_NAME,NOT USED:CHR_NAME_850
851,NotUsed_CHR_NAME,NOT USED:CHR_NAME_851
852,NotUsed_CHR_NAME,NOT USED:CHR_NAME_852
853,NotUsed_CHR_NAME,NOT USED:CHR_NAME_853
854,NotUsed_CHR_NAME,NOT USED:CHR_NAME_854
855,NotUsed_CHR_NAME,NOT USED:CHR_NAME_855
856,NotUsed_CHR_NAME,NOT USED:CHR_NAME_856
857,NotUsed_CHR_NAME,NOT USED:CHR_NAME_857
858,NotUsed_CHR_NAME,NOT USED:CHR_NAME_858
859,NotUsed_CHR_NAME,NOT USED:CHR_NAME_859
860,NotUsed_CHR_NAME,NOT USED:CHR_NAME_860
861,NotUsed_CHR_NAME,NOT USED:CHR_NAME_861
862,NotUsed_CHR_NAME,NOT USED:CHR_NAME_862
863,NotUsed_CHR_NAME,NOT USED:CHR_NAME_863
864,NotUsed_CHR_NAME,NOT USED:CHR_NAME_864
865,NotUsed_CHR_NAME,NOT USED:CHR_NAME_865
866,NotUsed_CHR_NAME,NOT USED:CHR_NAME_866
867,NotUsed_CHR_NAME,NOT USED:CHR_NAME_867
868,NotUsed_CHR_NAME,NOT USED:CHR_NAME_868
869,NotUsed_CHR_NAME,NOT USED:CHR_NAME_869
870,NotUsed_CHR_NAME,NOT USED:CHR_NAME_870
871,NotUsed_CHR_NAME,NOT USED:CHR_NAME_871
872,NotUsed_CHR_NAME,NOT USED:CHR_NAME_872
873,NotUsed_CHR_NAME,NOT USED:CHR_NAME_873
874,NotUsed_CHR_NAME,NOT USED:CHR_NAME_874
875,NotUsed_CHR_NAME,NOT USED:CHR_NAME_875
876,NotUsed_CHR_NAME,NOT USED:CHR_NAME_876
877,NotUsed_CHR_NAME,NOT USED:CHR_NAME_877
878,NotUsed_CHR_NAME,NOT USED:CHR_NAME_878
879,NotUsed_CHR_NAME,NOT USED:CHR_NAME_879
880,NotUsed_CHR_NAME,NOT USED:CHR_NAME_880
881,NotUsed_CHR_NAME,NOT USED:CHR_NAME_881
882,NotUsed_CHR_NAME,NOT USED:CHR_NAME_882
883,NotUsed_CHR_NAME,NOT USED:CHR_NAME_883
884,NotUsed_CHR_NAME,NOT USED:CHR_NAME_884
885,NotUsed_CHR_NAME,NOT USED:CHR_NAME_885
886,NotUsed_CHR_NAME,NOT USED:CHR_NAME_886
887,NotUsed_CHR_NAME,NOT USED:CHR_NAME_887
888,NotUsed_CHR_NAME,NOT USED:CHR_NAME_888
889,NotUsed_CHR_NAME,NOT USED:CHR_NAME_889
890,NotUsed_CHR_NAME,NOT USED:CHR_NAME_890
891,NotUsed_CHR_NAME,NOT USED:CHR_NAME_891
892,NotUsed_CHR_NAME,NOT USED:CHR_NAME_892
893,NotUsed_CHR_NAME,NOT USED:CHR_NAME_893
894,NotUsed_CHR_NAME,NOT USED:CHR_NAME_894
895,NotUsed_CHR_NAME,NOT USED:CHR_NAME_895
896,NotUsed_CHR_NAME,NOT USED:CHR_NAME_896
897,NotUsed_CHR_NAME,NOT USED:CHR_NAME_897
898,NotUsed_CHR_NAME,NOT USED:CHR_NAME_898
899,NotUsed_CHR_NAME,NOT USED:CHR_NAME_899
900,NotUsed_CHR_NAME,NOT USED:CHR_NAME_900
901,NotUsed_CHR_NAME,NOT USED:CHR_NAME_901
902,NotUsed_CHR_NAME,NOT USED:CHR_NAME_902
903,NotUsed_CHR_NAME,NOT USED:CHR_NAME_903
904,NotUsed_CHR_NAME,NOT USED:CHR_NAME_904
905,NotUsed_CHR_NAME,NOT USED:CHR_NAME_905
906,NotUsed_CHR_NAME,NOT USED:CHR_NAME_906
907,NotUsed_CHR_NAME,NOT USED:CHR_NAME_907
908,NotUsed_CHR_NAME,NOT USED:CHR_NAME_908
909,NotUsed_CHR_NAME,NOT USED:CHR_NAME_909
910,NotUsed_CHR_NAME,NOT USED:CHR_NAME_910
911,NotUsed_CHR_NAME,NOT USED:CHR_NAME_911
912,NotUsed_CHR_NAME,NOT USED:CHR_NAME_912
913,NotUsed_CHR_NAME,NOT USED:CHR_NAME_913
914,NotUsed_CHR_NAME,NOT USED:CHR_NAME_914
915,NotUsed_CHR_NAME,NOT USED:CHR_NAME_915
916,NotUsed_CHR_NAME,NOT USED:CHR_NAME_916
917,NotUsed_CHR_NAME,NOT USED:CHR_NAME_917
918,NotUsed_CHR_NAME,NOT USED:CHR_NAME_918
919,NotUsed_CHR_NAME,NOT USED:CHR_NAME_919
920,NotUsed_CHR_NAME,NOT USED:CHR_NAME_920
921,NotUsed_CHR_NAME,NOT USED:CHR_NAME_921
922,NotUsed_CHR_NAME,NOT USED:CHR_NAME_922
923,NotUsed_CHR_NAME,NOT USED:CHR_NAME_923
924,NotUsed_CHR_NAME,NOT USED:CHR_NAME_924
925,NotUsed_CHR_NAME,NOT USED:CHR_NAME_925
926,NotUsed_CHR_NAME,NOT USED:CHR_NAME_926
927,NotUsed_CHR_NAME,NOT USED:CHR_NAME_927
928,NotUsed_CHR_NAME,NOT USED:CHR_NAME_928
929,NotUsed_CHR_NAME,NOT USED:CHR_NAME_929
930,NotUsed_CHR_NAME,NOT USED:CHR_NAME_930
931,NotUsed_CHR_NAME,NOT USED:CHR_NAME_931
932,NotUsed_CHR_NAME,NOT USED:CHR_NAME_932
933,NotUsed_CHR_NAME,NOT USED:CHR_NAME_933
934,NotUsed_CHR_NAME,NOT USED:CHR_NAME_934
935,NotUsed_CHR_NAME,NOT USED:CHR_NAME_935
936,NotUsed_CHR_NAME,NOT USED:CHR_NAME_936
937,NotUsed_CHR_NAME,NOT USED:CHR_NAME_937
938,NotUsed_CHR_NAME,NOT USED:CHR_NAME_938
939,NotUsed_CHR_NAME,NOT USED:CHR_NAME_939
940,NotUsed_CHR_NAME,NOT USED:CHR_NAME_940
941,NotUsed_CHR_NAME,NOT USED:CHR_NAME_941
942,NotUsed_CHR_NAME,NOT USED:CHR_NAME_942
943,NotUsed_CHR_NAME,NOT USED:CHR_NAME_943
944,NotUsed_CHR_NAME,NOT USED:CHR_NAME_944
945,NotUsed_CHR_NAME,NOT USED:CHR_NAME_945
946,NotUsed_CHR_NAME,NOT USED:CHR_NAME_946
947,NotUsed_CHR_NAME,NOT USED:CHR_NAME_947
948,NotUsed_CHR_NAME,NOT USED:CHR_NAME_948
949,NotUsed_CHR_NAME,NOT USED:CHR_NAME_949
950,NotUsed_CHR_NAME,NOT USED:CHR_NAME_950
951,NotUsed_CHR_NAME,NOT USED:CHR_NAME_951
952,NotUsed_CHR_NAME,NOT USED:CHR_NAME_952
953,NotUsed_CHR_NAME,NOT USED:CHR_NAME_953
954,NotUsed_CHR_NAME,NOT USED:CHR_NAME_954
955,NotUsed_CHR_NAME,NOT USED:CHR_NAME_955
956,NotUsed_CHR_NAME,NOT USED:CHR_NAME_956
957,NotUsed_CHR_NAME,NOT USED:CHR_NAME_957
958,NotUsed_CHR_NAME,NOT USED:CHR_NAME_958
959,NotUsed_CHR_NAME,NOT USED:CHR_NAME_959
960,NotUsed_CHR_NAME,NOT USED:CHR_NAME_960
961,NotUsed_CHR_NAME,NOT USED:CHR_NAME_961
962,NotUsed_CHR_NAME,NOT USED:CHR_NAME_962
963,NotUsed_CHR_NAME,NOT USED:CHR_NAME_963
964,NotUsed_CHR_NAME,NOT USED:CHR_NAME_964
965,NotUsed_CHR_NAME,NOT USED:CHR_NAME_965
966,NotUsed_CHR_NAME,NOT USED:CHR_NAME_966
967,NotUsed_CHR_NAME,NOT USED:CHR_NAME_967
968,NotUsed_CHR_NAME,NOT USED:CHR_NAME_968
969,NotUsed_CHR_NAME,NOT USED:CHR_NAME_969
970,NotUsed_CHR_NAME,NOT USED:CHR_NAME_970
971,NotUsed_CHR_NAME,NOT USED:CHR_NAME_971
972,NotUsed_CHR_NAME,NOT USED:CHR_NAME_972
973,NotUsed_CHR_NAME,NOT USED:CHR_NAME_973
974,NotUsed_CHR_NAME,NOT USED:CHR_NAME_974
975,NotUsed_CHR_NAME,NOT USED:CHR_NAME_975
976,NotUsed_CHR_NAME,NOT USED:CHR_NAME_976
977,NotUsed_CHR_NAME,NOT USED:CHR_NAME_977
978,NotUsed_CHR_NAME,NOT USED:CHR_NAME_978
979,NotUsed_CHR_NAME,NOT USED:CHR_NAME_979
980,NotUsed_CHR_NAME,NOT USED:CHR_NAME_980
981,NotUsed_CHR_NAME,NOT USED:CHR_NAME_981
982,NotUsed_CHR_NAME,NOT USED:CHR_NAME_982
983,NotUsed_CHR_NAME,NOT USED:CHR_NAME_983
984,NotUsed_CHR_NAME,NOT USED:CHR_NAME_984
985,NotUsed_CHR_NAME,NOT USED:CHR_NAME_985
986,NotUsed_CHR_NAME,NOT USED:CHR_NAME_986
987,NotUsed_CHR_NAME,NOT USED:CHR_NAME_987
988,NotUsed_CHR_NAME,NOT USED:CHR_NAME_988
989,NotUsed_CHR_NAME,NOT USED:CHR_NAME_989
990,NotUsed_CHR_NAME,NOT USED:CHR_NAME_990
991,NotUsed_CHR_NAME,NOT USED:CHR_NAME_991
992,NotUsed_CHR_NAME,NOT USED:CHR_NAME_992
993,NotUsed_CHR_NAME,NOT USED:CHR_NAME_993
994,NotUsed_CHR_NAME,NOT USED:CHR_NAME_994
995,NotUsed_CHR_NAME,NOT USED:CHR_NAME_995
996,NotUsed_CHR_NAME,NOT USED:CHR_NAME_996
997,NotUsed_CHR_NAME,NOT USED:CHR_NAME_997
998,NotUsed_CHR_NAME,NOT USED:CHR_NAME_998
999,NotUsed_CHR_NAME,NOT USED:CHR_NAME_999
1000,NotUsed_CHR_NAME,NOT USED:CHR_NAME_1000
1001,NotUsed_CHR_NAME,NOT USED:CHR_NAME_1001
1002,NotUsed_CHR_NAME,NOT USED:CHR_NAME_1002
1003,NotUsed_CHR_NAME,NOT USED:CHR_NAME_1003
1004,NotUsed_CHR_NAME,NOT USED:CHR_NAME_1004
1005,NotUsed_CHR_NAME,NOT USED:CHR_NAME_1005
1006,NotUsed_CHR_NAME,NOT USED:CHR_NAME_1006
1007,NotUsed_CHR_NAME,NOT USED:CHR_NAME_1007
1008,NotUsed_CHR_NAME,NOT USED:CHR_NAME_1008
1009,NotUsed_CHR_NAME,NOT USED:CHR_NAME_1009
1010,NotUsed_CHR_NAME,NOT USED:CHR_NAME_1010
1011,NotUsed_CHR_NAME,NOT USED:CHR_NAME_1011
1012,NotUsed_CHR_NAME,NOT USED:CHR_NAME_1012
1013,NotUsed_CHR_NAME,NOT USED:CHR_NAME_1013
1014,NotUsed_CHR_NAME,NOT USED:CHR_NAME_1014
1015,NotUsed_CHR_NAME,NOT USED:CHR_NAME_1015
1016,NotUsed_CHR_NAME,NOT USED:CHR_NAME_1016
1017,NotUsed_CHR_NAME,NOT USED:CHR_NAME_1017
1018,NotUsed_CHR_NAME,NOT USED:CHR_NAME_1018
1019,NotUsed_CHR_NAME,NOT USED:CHR_NAME_1019
1020,NotUsed_CHR_NAME,NOT USED:CHR_NAME_1020
1021,NotUsed_CHR_NAME,NOT USED:CHR_NAME_1021
1022,NotUsed_CHR_NAME,NOT USED:CHR_NAME_1022
1023,NotUsed_CHR_NAME,NOT USED:CHR_NAME_1023
1024,NotUsed_CHR_NAME,NOT USED:CHR_NAME_1024
1025,NotUsed_CHR_NAME,NOT USED:CHR_NAME_1025
1026,NotUsed_CHR_NAME,NOT USED:CHR_NAME_1026
1027,NotUsed_CHR_NAME,NOT USED:CHR_NAME_1027
1028,NotUsed_CHR_NAME,NOT USED:CHR_NAME_1028
1029,NotUsed_CHR_NAME,NOT USED:CHR_NAME_1029
1030,NotUsed_CHR_NAME,NOT USED:CHR_NAME_1030
1031,NotUsed_CHR_NAME,NOT USED:CHR_NAME_1031
1032,NotUsed_CHR_NAME,NOT USED:CHR_NAME_1032
1033,NotUsed_CHR_NAME,NOT USED:CHR_NAME_1033
1034,NotUsed_CHR_NAME,NOT USED:CHR_NAME_1034
1035,NotUsed_CHR_NAME,NOT USED:CHR_NAME_1035
1036,NotUsed_CHR_NAME,NOT USED:CHR_NAME_1036
1037,NotUsed_CHR_NAME,NOT USED:CHR_NAME_1037
1038,NotUsed_CHR_NAME,NOT USED:CHR_NAME_1038
1039,NotUsed_CHR_NAME,NOT USED:CHR_NAME_1039
1040,NotUsed_CHR_NAME,NOT USED:CHR_NAME_1040
1041,NotUsed_CHR_NAME,NOT USED:CHR_NAME_1041
1042,NotUsed_CHR_NAME,NOT USED:CHR_NAME_1042
1043,NotUsed_CHR_NAME,NOT USED:CHR_NAME_1043
1044,NotUsed_CHR_NAME,NOT USED:CHR_NAME_1044
1045,NotUsed_CHR_NAME,NOT USED:CHR_NAME_1045
1046,NotUsed_CHR_NAME,NOT USED:CHR_NAME_1046
1047,NotUsed_CHR_NAME,NOT USED:CHR_NAME_1047
1048,NotUsed_CHR_NAME,NOT USED:CHR_NAME_1048
1049,NotUsed_CHR_NAME,NOT USED:CHR_NAME_1049
1050,NotUsed_CHR_NAME,NOT USED:CHR_NAME_1050
1051,NotUsed_CHR_NAME,NOT USED:CHR_NAME_1051
1052,NotUsed_CHR_NAME,NOT USED:CHR_NAME_1052
1053,NotUsed_CHR_NAME,NOT USED:CHR_NAME_1053
1054,NotUsed_CHR_NAME,NOT USED:CHR_NAME_1054
1055,NotUsed_CHR_NAME,NOT USED:CHR_NAME_1055
1056,NotUsed_CHR_NAME,NOT USED:CHR_NAME_1056
1057,NotUsed_CHR_NAME,NOT USED:CHR_NAME_1057
1058,NotUsed_CHR_NAME,NOT USED:CHR_NAME_1058
1059,NotUsed_CHR_NAME,NOT USED:CHR_NAME_1059
1060,NotUsed_CHR_NAME,NOT USED:CHR_NAME_1060
1061,NotUsed_CHR_NAME,NOT USED:CHR_NAME_1061
1062,NotUsed_CHR_NAME,NOT USED:CHR_NAME_1062
1063,NotUsed_CHR_NAME,NOT USED:CHR_NAME_1063
1064,NotUsed_CHR_NAME,NOT USED:CHR_NAME_1064
1065,NotUsed_CHR_NAME,NOT USED:CHR_NAME_1065
1066,NotUsed_CHR_NAME,NOT USED:CHR_NAME_1066
1067,NotUsed_CHR_NAME,NOT USED:CHR_NAME_1067
1068,NotUsed_CHR_NAME,NOT USED:CHR_NAME_1068
1069,NotUsed_CHR_NAME,NOT USED:CHR_NAME_1069
1070,NotUsed_CHR_NAME,NOT USED:CHR_NAME_1070
1071,NotUsed_CHR_NAME,NOT USED:CHR_NAME_1071
1072,NotUsed_CHR_NAME,NOT USED:CHR_NAME_1072
1073,NotUsed_CHR_NAME,NOT USED:CHR_NAME_1073
1074,NotUsed_CHR_NAME,NOT USED:CHR_NAME_1074
1075,NotUsed_CHR_NAME,NOT USED:CHR_NAME_1075
1076,NotUsed_CHR_NAME,NOT USED:CHR_NAME_1076
1077,NotUsed_CHR_NAME,NOT USED:CHR_NAME_1077
1078,NotUsed_CHR_NAME,NOT USED:CHR_NAME_1078
1079,NotUsed_CHR_NAME,NOT USED:CHR_NAME_1079
1080,NotUsed_CHR_NAME,NOT USED:CHR_NAME_1080
1081,NotUsed_CHR_NAME,NOT USED:CHR_NAME_1081
1082,NotUsed_CHR_NAME,NOT USED:CHR_NAME_1082
1083,NotUsed_CHR_NAME,NOT USED:CHR_NAME_1083
1084,NotUsed_CHR_NAME,NOT USED:CHR_NAME_1084
1085,NotUsed_CHR_NAME,NOT USED:CHR_NAME_1085
1086,NotUsed_CHR_NAME,NOT USED:CHR_NAME_1086
1087,NotUsed_CHR_NAME,NOT USED:CHR_NAME_1087
1088,NotUsed_CHR_NAME,NOT USED:CHR_NAME_1088
1089,NotUsed_CHR_NAME,NOT USED:CHR_NAME_1089
1090,NotUsed_CHR_NAME,NOT USED:CHR_NAME_1090
1091,NotUsed_CHR_NAME,NOT USED:CHR_NAME_1091
1092,NotUsed_CHR_NAME,NOT USED:CHR_NAME_1092
1093,NotUsed_CHR_NAME,NOT USED:CHR_NAME_1093
1094,NotUsed_CHR_NAME,NOT USED:CHR_NAME_1094
1095,NotUsed_CHR_NAME,NOT USED:CHR_NAME_1095
1096,NotUsed_CHR_NAME,NOT USED:CHR_NAME_1096
1097,NotUsed_CHR_NAME,NOT USED:CHR_NAME_1097
1098,NotUsed_CHR_NAME,NOT USED:CHR_NAME_1098
1099,NotUsed_CHR_NAME,NOT USED:CHR_NAME_1099
1100,NotUsed_CHR_NAME,NOT USED:CHR_NAME_1100
1101,CHR_NAME,Aogami Type-0
1102,CHR_NAME,Aogami Type-1
1103,CHR_NAME,Aogami Type-2
1104,CHR_NAME,Aogami Type-3
1105,CHR_NAME,Aogami Type-4
1106,CHR_NAME,Aogami Type-5
1107,CHR_NAME,Aogami Type-6
1108,CHR_NAME,Aogami Type-7
1109,CHR_NAME,Aogami Type-8
1110,CHR_NAME,Aogami Type-9
1111,CHR_NAME,Aogami Type-10
1112,CHR_NAME,Aogami Type-A
1113,CHR_NAME,Aogami Type-B
1114,CHR_NAME,Aogami Type-C
1115,CHR_NAME,Aogami Type-D
1116,CHR_NAME,Tsukuyomi Base
1117,CHR_NAME,Tsukuyomi Median
1118,CHR_NAME,Tsukuyomi Ultimus
1119,NotUsed_CHR_NAME,NOT USED:CHR_NAME_1119
1120,NotUsed_CHR_NAME,NOT USED:CHR_NAME_1120
1121,NotUsed_CHR_NAME,NOT USED:CHR_NAME_1121
1122,NotUsed_CHR_NAME,NOT USED:CHR_NAME_1122
1123,NotUsed_CHR_NAME,NOT USED:CHR_NAME_1123
1124,NotUsed_CHR_NAME,NOT USED:CHR_NAME_1124
1125,NotUsed_CHR_NAME,NOT USED:CHR_NAME_1125
1126,NotUsed_CHR_NAME,NOT USED:CHR_NAME_1126
1127,NotUsed_CHR_NAME,NOT USED:CHR_NAME_1127
1128,NotUsed_CHR_NAME,NOT USED:CHR_NAME_1128
1129,NotUsed_CHR_NAME,NOT USED:CHR_NAME_1129
1130,NotUsed_CHR_NAME,NOT USED:CHR_NAME_1130
1131,NotUsed_CHR_NAME,NOT USED:CHR_NAME_1131
1132,NotUsed_CHR_NAME,NOT USED:CHR_NAME_1132
1133,NotUsed_CHR_NAME,NOT USED:CHR_NAME_1133
1134,NotUsed_CHR_NAME,NOT USED:CHR_NAME_1134
1135,NotUsed_CHR_NAME,NOT USED:CHR_NAME_1135
1136,NotUsed_CHR_NAME,NOT USED:CHR_NAME_1136
1137,NotUsed_CHR_NAME,NOT USED:CHR_NAME_1137
1138,NotUsed_CHR_NAME,NOT USED:CHR_NAME_1138
1139,NotUsed_CHR_NAME,NOT USED:CHR_NAME_1139
1140,NotUsed_CHR_NAME,NOT USED:CHR_NAME_1140
1141,NotUsed_CHR_NAME,NOT USED:CHR_NAME_1141
1142,NotUsed_CHR_NAME,NOT USED:CHR_NAME_1142
1143,NotUsed_CHR_NAME,NOT USED:CHR_NAME_1143
1144,NotUsed_CHR_NAME,NOT USED:CHR_NAME_1144
1145,NotUsed_CHR_NAME,NOT USED:CHR_NAME_1145
1146,NotUsed_CHR_NAME,NOT USED:CHR_NAME_1146
1147,NotUsed_CHR_NAME,NOT USED:CHR_NAME_1147
1148,NotUsed_CHR_NAME,NOT USED:CHR_NAME_1148
1149,NotUsed_CHR_NAME,NOT USED:CHR_NAME_1149
1150,CHR_NAME,Yuzuru Atsuta
1151,CHR_NAME,Ichiro Dazai
1152,CHR_NAME,Tao Isonokami
1153,CHR_NAME,Yuzuru Atsuta
1154,CHR_NAME,Tao Isonokami
1155,CHR_NAME,Tao
1156,CHR_NAME,Tao
1157,CHR_NAME,Yoko Hiromine
1158,CHR_NAME,Yoko Hiromine
1159,CHR_NAME,Yoko Hiromine
1160,CHR_NAME,Yoko
1161,CHR_NAME,Demi-fiend
1162,CHR_NAME,Yuzuru Atsuta
1163,NotUsed_CHR_NAME,NOT USED:CHR_NAME_1163
1164,NotUsed_CHR_NAME,NOT USED:CHR_NAME_1164
1165,NotUsed_CHR_NAME,NOT USED:CHR_NAME_1165
1166,NotUsed_CHR_NAME,NOT USED:CHR_NAME_1166
1167,NotUsed_CHR_NAME,NOT USED:CHR_NAME_1167
1168,NotUsed_CHR_NAME,NOT USED:CHR_NAME_1168
1169,NotUsed_CHR_NAME,NOT USED:CHR_NAME_1169
1170,NotUsed_CHR_NAME,NOT USED:CHR_NAME_1170
1171,NotUsed_CHR_NAME,NOT USED:CHR_NAME_1171
1172,NotUsed_CHR_NAME,NOT USED:CHR_NAME_1172
1173,NotUsed_CHR_NAME,NOT USED:CHR_NAME_1173
1174,NotUsed_CHR_NAME,NOT USED:CHR_NAME_1174
1175,NotUsed_CHR_NAME,NOT USED:CHR_NAME_1175
1176,NotUsed_CHR_NAME,NOT USED:CHR_NAME_1176
1177,NotUsed_CHR_NAME,NOT USED:CHR_NAME_1177
1178,NotUsed_CHR_NAME,NOT USED:CHR_NAME_1178
1179,NotUsed_CHR_NAME,NOT USED:CHR_NAME_1179
1180,NotUsed_CHR_NAME,NOT USED:CHR_NAME_1180
1181,NotUsed_CHR_NAME,NOT USED:CHR_NAME_1181
1182,NotUsed_CHR_NAME,NOT USED:CHR_NAME_1182
1183,NotUsed_CHR_NAME,NOT USED:CHR_NAME_1183
1184,NotUsed_CHR_NAME,NOT USED:CHR_NAME_1184
1185,NotUsed_CHR_NAME,NOT USED:CHR_NAME_1185
1186,NotUsed_CHR_NAME,NOT USED:CHR_NAME_1186
1187,NotUsed_CHR_NAME,NOT USED:CHR_NAME_1187
1188,NotUsed_CHR_NAME,NOT USED:CHR_NAME_1188
1189,NotUsed_CHR_NAME,NOT USED:CHR_NAME_1189
1190,NotUsed_CHR_NAME,NOT USED:CHR_NAME_1190
1191,NotUsed_CHR_NAME,NOT USED:CHR_NAME_1191
1192,NotUsed_CHR_NAME,NOT USED:CHR_NAME_1192
1193,NotUsed_CHR_NAME,NOT USED:CHR_NAME_1193
1194,NotUsed_CHR_NAME,NOT USED:CHR_NAME_1194
1195,NotUsed_CHR_NAME,NOT USED:CHR_NAME_1195
1196,NotUsed_CHR_NAME,NOT USED:CHR_NAME_1196
1197,NotUsed_CHR_NAME,NOT USED:CHR_NAME_1197
1198,NotUsed_CHR_NAME,NOT USED:CHR_NAME_1198
1199,NotUsed_CHR_NAME,NOT USED:CHR_NAME_1199
1200,NotUsed_CHR_NAME,NOT USED:CHR_NAME_1200
1201,NotUsed_CHR_NAME,NOT USED:CHR_NAME_1201
1202,NotUsed_CHR_NAME,NOT USED:CHR_NAME_1202
1203,NotUsed_CHR_NAME,NOT USED:CHR_NAME_1203
1204,NotUsed_CHR_NAME,NOT USED:CHR_NAME_1204
1205,NotUsed_CHR_NAME,NOT USED:CHR_NAME_1205
1206,NotUsed_CHR_NAME,NOT USED:CHR_NAME_1206
1207,NotUsed_CHR_NAME,NOT USED:CHR_NAME_1207
1208,NotUsed_CHR_NAME,NOT USED:CHR_NAME_1208
1209,NotUsed_CHR_NAME,NOT USED:CHR_NAME_1209
1210,NotUsed_CHR_NAME,NOT USED:CHR_NAME_1210
1211,NotUsed_CHR_NAME,NOT USED:CHR_NAME_1211
1212,NotUsed_CHR_NAME,NOT USED:CHR_NAME_1212
1213,NotUsed_CHR_NAME,NOT USED:CHR_NAME_1213
1214,NotUsed_CHR_NAME,NOT USED:CHR_NAME_1214
1215,NotUsed_CHR_NAME,NOT USED:CHR_NAME_1215
1216,NotUsed_CHR_NAME,NOT USED:CHR_NAME_1216
1217,NotUsed_CHR_NAME,NOT USED:CHR_NAME_1217
1218,NotUsed_CHR_NAME,NOT USED:CHR_NAME_1218
1219,NotUsed_CHR_NAME,NOT USED:CHR_NAME_1219
1220,NotUsed_CHR_NAME,NOT USED:CHR_NAME_1220
1221,NotUsed_CHR_NAME,NOT USED:CHR_NAME_1221
1222,NotUsed_CHR_NAME,NOT USED:CHR_NAME_1222
1223,NotUsed_CHR_NAME,NOT USED:CHR_NAME_1223
1224,NotUsed_CHR_NAME,NOT USED:CHR_NAME_1224
1225,NotUsed_CHR_NAME,NOT USED:CHR_NAME_1225
1226,NotUsed_CHR_NAME,NOT USED:CHR_NAME_1226
1227,NotUsed_CHR_NAME,NOT USED:CHR_NAME_1227
1228,NotUsed_CHR_NAME,NOT USED:CHR_NAME_1228
1229,NotUsed_CHR_NAME,NOT USED:CHR_NAME_1229
1230,NotUsed_CHR_NAME,NOT USED:CHR_NAME_1230
1231,NotUsed_CHR_NAME,NOT USED:CHR_NAME_1231
1232,NotUsed_CHR_NAME,NOT USED:CHR_NAME_1232
1233,NotUsed_CHR_NAME,NOT USED:CHR_NAME_1233
1234,NotUsed_CHR_NAME,NOT USED:CHR_NAME_1234
1235,NotUsed_CHR_NAME,NOT USED:CHR_NAME_1235
1236,NotUsed_CHR_NAME,NOT USED:CHR_NAME_1236
1237,NotUsed_CHR_NAME,NOT USED:CHR_NAME_1237
1238,NotUsed_CHR_NAME,NOT USED:CHR_NAME_1238
1239,NotUsed_CHR_NAME,NOT USED:CHR_NAME_1239
1240,NotUsed_CHR_NAME,NOT USED:CHR_NAME_1240
1241,NotUsed_CHR_NAME,NOT USED:CHR_NAME_1241
1242,NotUsed_CHR_NAME,NOT USED:CHR_NAME_1242
1243,NotUsed_CHR_NAME,NOT USED:CHR_NAME_1243
1244,NotUsed_CHR_NAME,NOT USED:CHR_NAME_1244
1245,NotUsed_CHR_NAME,NOT USED:CHR_NAME_1245
1246,NotUsed_CHR_NAME,NOT USED:CHR_NAME_1246
1247,NotUsed_CHR_NAME,NOT USED:CHR_NAME_1247
1248,NotUsed_CHR_NAME,NOT USED:CHR_NAME_1248
1249,NotUsed_CHR_NAME,NOT USED:CHR_NAME_1249
1250,NotUsed_CHR_NAME,NOT USED:CHR_NAME_1250
1251,NotUsed_CHR_NAME,NOT USED:CHR_NAME_1251
1252,NotUsed_CHR_NAME,NOT USED:CHR_NAME_1252
1253,NotUsed_CHR_NAME,NOT USED:CHR_NAME_1253
1254,NotUsed_CHR_NAME,NOT USED:CHR_NAME_1254
1255,NotUsed_CHR_NAME,NOT USED:CHR_NAME_1255
1256,NotUsed_CHR_NAME,NOT USED:CHR_NAME_1256
1257,NotUsed_CHR_NAME,NOT USED:CHR_NAME_1257
1258,NotUsed_CHR_NAME,NOT USED:CHR_NAME_1258
1259,NotUsed_CHR_NAME,NOT USED:CHR_NAME_1259
1260,NotUsed_CHR_NAME,NOT USED:CHR_NAME_1260
1261,NotUsed_CHR_NAME,NOT USED:CHR_NAME_1261
1262,NotUsed_CHR_NAME,NOT USED:CHR_NAME_1262
1263,NotUsed_CHR_NAME,NOT USED:CHR_NAME_1263
1264,NotUsed_CHR_NAME,NOT USED:CHR_NAME_1264
1265,NotUsed_CHR_NAME,NOT USED:CHR_NAME_1265
1266,NotUsed_CHR_NAME,NOT USED:CHR_NAME_1266
1267,NotUsed_CHR_NAME,NOT USED:CHR_NAME_1267
1268,NotUsed_CHR_NAME,NOT USED:CHR_NAME_1268
1269,NotUsed_CHR_NAME,NOT USED:CHR_NAME_1269
1270,NotUsed_CHR_NAME,NOT USED:CHR_NAME_1270
1271,NotUsed_CHR_NAME,NOT USED:CHR_NAME_1271
1272,NotUsed_CHR_NAME,NOT USED:CHR_NAME_1272
1273,NotUsed_CHR_NAME,NOT USED:CHR_NAME_1273
1274,NotUsed_CHR_NAME,NOT USED:CHR_NAME_1274
1275,NotUsed_CHR_NAME,NOT USED:CHR_NAME_1275
1276,NotUsed_CHR_NAME,NOT USED:CHR_NAME_1276
1277,NotUsed_CHR_NAME,NOT USED:CHR_NAME_1277
1278,NotUsed_CHR_NAME,NOT USED:CHR_NAME_1278
1279,NotUsed_CHR_NAME,NOT USED:CHR_NAME_1279
1280,NotUsed_CHR_NAME,NOT USED:CHR_NAME_1280
1281,NotUsed_CHR_NAME,NOT USED:CHR_NAME_1281
1282,NotUsed_CHR_NAME,NOT USED:CHR_NAME_1282
1283,NotUsed_CHR_NAME,NOT USED:CHR_NAME_1283
1284,NotUsed_CHR_NAME,NOT USED:CHR_NAME_1284
1285,NotUsed_CHR_NAME,NOT USED:CHR_NAME_1285
1286,NotUsed_CHR_NAME,NOT USED:CHR_NAME_1286
1287,NotUsed_CHR_NAME,NOT USED:CHR_NAME_1287
1288,NotUsed_CHR_NAME,NOT USED:CHR_NAME_1288
1289,NotUsed_CHR_NAME,NOT USED:CHR_NAME_1289
